Let me enlighten you on this topic,"It took a while, but the concept finally clicked",I have a nice view from my office.
You do not use your hours profitably,The deadline is approaching,I think I can spot my house from here.
We have put together only the framework of this hypothesis,Her proposition never bore any fruit,She took out a low interest loan.
My boyfriend and I are stuck in a rut,She swept him off his feet,I will pay you back in a week.
There are too many facts to digest,She never arrives at the right conclusion.,The centre has multiple levels.
,,Her condo has three rooms.
,,You can only get to this place on foot.
,,This pathway is a short walk.
,,This dish is best served cold.
,,I came up with this scheme during lunch.
